"diff_eyes", "eyes_cosine", "mean_left_vel_x", ""mean_left_vel_y", ""mean_right_vel_x", ""mean_right_vel_y", "button1", "button2", "button3", "button4"
1, 0.753015697002, -0.000530872435775, 0.00223233411089, 5.89761248193e-06, 5.65104437555e-06, 0, 0, 0, 0
1, 0.00144401192665, 0.653706431389, 0.151863738894, -0.0309968851507, -0.00973405409604, 0, 0, 0, 0
1, 0.92119038105, -0.182043090463, 0.363378703594, -0.0424478389323, 0.0252866558731, 0, 0, 0, 0
1, 0.787402480841, -0.636420190334, -0.0693921074271, -0.101148299873, -0.183507472277, 0, 0, 0, 0
1, 0.923680961132, -0.238176688552, -1.80935430527, -0.110288634896, -0.133443132043, 0, 0, 0, 0
1, 0.782652825117, -0.28087002039, -0.0446885414422, -0.104249291122, -0.21971565485, 0, 0, 0, 0
1, 0.900215178728, 0.184369161725, 0.756673157215, 0.0690385103226, 0.0568654462695, 0, 0, 0, 0
1, 0.254744559526, -0.302590996027, -0.0385971553624, 0.0692608729005, -0.0931127145886, 0, 0, 0, 0
1, 0.254557386041, 0.773666620255, -1.24113094807, 0.0258484557271, 0.0472844317555, 0, 0, 0, 0
1, 0.982426404953, -0.102068461478, -3.61805987358, 0.0382034629583, -0.157676011324, 0, 0, 0, 0
1, 0.292796432972, -1.19474458694, 0.04096512869, 0.067711904645, 0.136131629348, 0, 0, 0, 0
1, 0.545704003423, -0.487297832966, -0.264925301075, -0.104725949466, 0.156580448151, 0, 0, 0, 0
1, 0.108389854431, 0.224596366286, 0.515282511711, -0.112154938281, -0.0596474446356, 0, 0, 0, 0
1, 0.594243869185, -0.292493700981, 0.381991505623, 0.140857547522, 0.158128872514, 0, 0, 0, 0
1, 0.807332366705, 0.860014021397, 0.776298582554, -0.0208261404186, 0.287466615438, 0, 0, 0, 0
1, 0.845348536968, 0.354308515787, -0.517603933811, -0.0500549860299, -0.237068623304, 0, 0, 0, 0
1, 0.887274801731, -0.0197386275977, 0.841869711876, 0.228795215487, 0.293978095055, 0, 0, 0, 0
1, 0.802117913961, -1.43096458912, -0.913827359676, -0.589082658291, 0.217481121421, 0, 0, 0, 0
1, 0.989780128002, -0.710996866226, -0.954625844955, -0.901233375072, -0.803458094597, 0, 0, 0, 0
1, 0.721907138824, 1.23723387718, -1.50777685642, 0.73548322916, 0.170120343566, 0, 0, 0, 0
1, 0.452510926872, 0.0451860204339, 0.402420252562, 1.21006047726, -0.254045248032, 0, 0, 0, 0
1, 0.588817790151, 0.73649841547, -1.47530925274, 0.721809267998, 0.21103143692, 0, 0, 0, 0
1, 0.703041687608, 3.09510064125, 3.8150203228, -0.231507152319, 0.454578459263, 0, 0, 0, 0
1, 0.960790902376, -0.295310050249, 0.419785290956, -0.361771434546, 0.226348474622, 0, 0, 0, 0
1, 0.697350278497, 0.610622763634, -0.0263107921928, 0.0136231211945, -0.0359007865191, 0, 0, 0, 0
1, 0.82415574789, -0.028389416635, -1.15133869648, 0.260373860598, -0.233021333814, 0, 0, 0, 0
1, 0.234018415213, 0.676299214363, -0.456414222717, 0.00405695382506, 0.123858079314, 0, 0, 0, 0
1, 0.535932995379, -0.122474394739, -0.412385135889, 0.242652967572, -0.0915074422956, 0, 0, 0, 0
1, 0.0166569948196, -0.0934804677963, 0.149460718036, 0.162533387542, -0.525281250477, 0, 0, 0, 0
1, 0.140796750784, -3.27939891815, 1.31829977036, 0.199550971389, -0.447710186243, 0, 0, 0, 0
1, 0.053884357214, -3.02972579002, -0.726211667061, 0.166314408183, -0.0395167209208, 0, 0, 0, 0
1, 0.312565505505, 0.287965506315, -1.41366708279, 0.007357286755, 0.00487520499155, 0, 0, 0, 0
1, 0.792419850826, 3.24436831474, 3.23403763771, -0.00382559909485, 0.0238388236612, 0, 0, 0, 0
1, 0.804843902588, -3.60708332062, 0.470894157887, -0.114450745285, 0.197206184268, 0, 0, 0, 0
1, 0.858958691359, -2.01210069656, -1.85026407242, -0.0227048229426, -0.395919770002, 0, 0, 0, 0
1, 0.841082453728, -5.36136293411, -2.58334755898, -0.480954498053, 0.187130361795, 0, 0, 0, 0
1, 0.907391756773, 4.10224246979, -1.53334546089, 0.872586369514, 0.232816398144, 0, 0, 0, 0
1, 0.0330888330936, 1.68405771255, 2.23556804657, -0.842912852764, -0.527691483498, 0, 0, 0, 0
1, 0.783069610596, 2.75036716461, -0.411996096373, 1.04960584641, 1.1255325079, 0, 0, 0, 0
1, 0.930145144463, -0.25936871767, 0.684880673885, 0.175231426954, 1.00312113762, 0, 0, 0, 0
1, 0.979236006737, -2.15884804726, -2.25000810623, -0.548714995384, -1.0656015873, 0, 0, 0, 0
1, 0.874939322472, -1.02154409885, 3.80149197578, -0.237577021122, 0.157478898764, 0, 0, 0, 0
1, 0.790334254503, 0.307153761387, 0.864014565945, 1.52764105797, 0.435952305794, 0, 0, 0, 0
1, 0.50323877437, -0.0550502687693, -1.59934198856, -0.776266813278, 0.021686302498, 0, 0, 0, 0
1, 0.138476073742, -1.41871964931, -2.34501719475, 0.614652454853, 0.166226223111, 0, 0, 0, 0
1, 0.654162928462, -1.29621815681, -0.975426018238, 0.022697839886, -0.0659054592252, 0, 0, 0, 0
1, 0.99188581109, 0.687192797661, 3.75023674965, 0.0201825872064, 0.0533554404974, 0, 0, 0, 0
1, 0.743386358023, 2.14087200165, 1.42576479912, -0.0246371813118, 0.310695141554, 0, 0, 0, 0
1, 0.458379533142, 2.47590970993, -0.599863350391, 0.0806549936533, 0.518347859383, 0, 0, 0, 0
1, 0.998059153557, 0.875582158566, 4.13267993927, 0.10344016552, 0.853249013424, 0, 0, 0, 0
1, 0.955188214779, -0.350304692984, -0.188173592091, -0.40891417861, -0.536504328251, 0, 0, 0, 0
1, 0.866949051619, -1.4629894495, -1.77429568768, -0.674484610558, -0.0912780314684, 0, 0, 0, 0
1, 0.918201088905, 0.576986849308, 1.57510721684, -0.064993083477, 0.278865724802, 0, 0, 0, 0
1, 0.96775880456, -0.0939424484968, 0.511247813702, 0.0243370626122, 0.134237334132, 0, 0, 0, 0
1, 0.826823294163, -0.76729041338, 1.19193232059, -0.536358475685, 0.0758217722178, 0, 0, 0, 0
1, 0.151776969433, 0.0653331652284, 0.527336359024, 0.0730111971498, -0.0908241719007, 0, 0, 0, 0
1, 0.888397574425, -0.0697824060917, -0.572390794754, 0.349878430367, -0.558163702488, 0, 0, 0, 0
1, 0.789713799953, -1.72002148628, 0.474224597216, -0.26295915246, -0.214278787374, 0, 0, 0, 0
1, 0.998659223318, 1.54131519794, -1.38555896282, 0.515905797482, -0.53705650568, 0, 0, 0, 0
1, 0.996438592672, -0.697781145573, -3.70743465424, -0.204149857163, -0.647415101528, 0, 0, 0, 0
1, 0.987453192472, -3.08769536018, -4.86607646942, -0.195474848151, -0.193713992834, 0, 0, 0, 0
1, 0.819822430611, -0.610080182552, -0.233550310135, -0.471096664667, 0.264225035906, 0, 0, 0, 0
1, 0.303963273764, -1.00474405289, 0.520722270012, -0.0618255697191, -0.819864392281, 0, 0, 0, 0
0.87767824173, 0.979726999998, -0.538973927498, 0.272753417492, -0.988503575325, 0.182683870196, 0, 0, 0, 0
0.985749435425, 0.986215651035, -0.0743576958776, -0.121400140226, -0.0119404559955, -0.0367432795465, 0, 0, 0, 0
0.266581420898, 0.98423063755, 1.37874794006, 0.131588473916, 3.67002344131, 1.32707345486, 0, 0, 0, 0
0.322630386353, 0.999996721745, -0.469536244869, -0.302171379328, -1.09713625908, -0.711691021919, 0, 0, 0, 0
0.210557479858, 0.999794840813, 0.109084516764, 0.0746651142836, 1.53108584881, 1.11369967461, 0, 0, 0, 0
0.469781227112, 0.994748026133, 1.25878703594, 0.0959739238024, 2.72998833656, 0.61381560564, 0, 0, 0, 0
0.967624607086, 0.800104439259, -0.125893995166, -0.136339753866, 0.174272686243, -0.949888646603, 0, 0, 0, 0
1, 0.951681822538, -0.0951598212123, 1.28196632862, -0.399909645319, 0.702783167362, 0, 0, 0, 0
1, 0.9724830091, 2.84799671173, 0.0245326105505, 2.750644207, 0.978948950768, 0, 0, 0, 0
1, 0.0168060064316, -1.68659651279, 0.656211495399, 2.73238325119, -0.30467030406, 0, 0, 0, 0
1, 0.994346678257, 2.47241282463, -0.595365166664, 0.632230103016, -0.054369725287, 0, 0, 0, 0
1, 0.730489879847, 0.28552043438, 1.21562302113, -0.184602960944, 0.158605188131, 0, 0, 0, 0
1, 0.999293297529, -4.56193304062, 1.54910361767, -0.864791274071, 0.243235647678, 0, 0, 0, 0
1, 0.91318449378, -1.74854135513, -2.55982708931, -1.4546765089, -0.569839060307, 0, 0, 0, 0
0.574233856201, 0.990944355726, -0.570065140724, -0.300442576408, -1.76430439949, -0.535009920597, 0, 0, 0, 0
1, 0.981087893248, 1.43516409397, 1.99561572075, 2.15374732018, 1.71126639843, 0, 0, 0, 0
1, 0.323732227087, -0.302701920271, 0.280820429325, 0.113825112581, 0.0567636229098, 0, 0, 0, 0
1, 0.707077592611, 0.149353668094, -0.123625382781, 0.0877245292068, 0.0426309928298, 0, 0, 0, 0
1, 0.696004033089, -2.10310959816, -3.38216876984, 0.360951632261, -0.514608621597, 0, 0, 0, 0
0.488583221436, 0.995634615421, -1.33149635792, -0.0236372370273, -3.18291425705, -0.48101195693, 0, 0, 0, 0
0.962541275024, 0.431443095207, -0.000167300240719, 0.0186053998768, 0.141751736403, -0.0183239970356, 0, 0, 0, 0
0.960500850677, 0.989777863026, 0.191609680653, -0.110981486738, 0.201211005449, -0.179179400206, 0, 0, 0, 0
0.826854228973, 0.979474455118, 0.306588202715, 0.146900191903, 0.678892433643, 0.612890541553, 0, 0, 0, 0
0.795820274353, 0.980565071106, 0.855651915073, 0.340356886387, 1.2308024168, 0.951915621758, 0, 0, 0, 0
0.849410514832, 0.950827866793, 0.896174192429, -0.339131504297, 1.69344627857, 0.145052194595, 0, 0, 0, 0
0.886365585327, 0.940619617701, -0.115459397435, -0.831129014492, 0.425120681524, -1.14931547642, 0, 0, 0, 0
0.573778419495, 0.999494463205, -1.3774074316, -0.169496372342, -3.31117010117, -0.559566736221, 0, 0, 0, 0
0.493090820313, 0.99607488513, -1.38576102257, -0.140870377421, -5.34995746613, -1.23400104046, 0, 0, 0, 0
0.937243933678, 0.888604283333, 0.0052586873062, -0.0403389371932, 0.168592229486, -0.160426840186, 0, 0, 0, 0
0.00845108032227, 0.996244639158, 0.633828103542, 0.152024969459, 4.200963974, 0.475749105215, 0, 0, 0, 0
0.401185150146, 0.00220414996147, -0.435818225145, -0.00499339820817, 2.08377504349, 0.220423549414, 0, 0, 0, 0
0.964551563263, 0.995340883732, 0.889383018017, -0.254067480564, 1.14638900757, -0.163463130593, 0, 0, 0, 0
0.97546836853, 0.999489665031, -0.589644134045, 0.232509762049, -0.677243232727, 0.232289582491, 0, 0, 0, 0
0.810326461792, 0.999026983976, -2.75732254982, -0.163097187877, -3.89212346077, -0.475149661303, 0, 0, 0, 0
0.942609195709, 0.995779335499, -0.669938325882, -0.00917506124824, -0.919025063515, -0.132999062538, 0, 0, 0, 0
0.971640586853, 0.986544132233, 0.0489089004695, -0.0728986784816, 0.0612276382744, -0.163449794054, 0, 0, 0, 0
0.933668317795, 0.999675363302, 0.153416186571, 0.27591702342, 0.225037992001, 0.441466867924, 0, 0, 0, 0
0.934838886261, 0.952556580305, 0.751760601997, -0.505358099937, 1.34115028381, -0.206394329667, 0, 0, 0, 0
1, 0.99344727397, 0.313720673323, -0.968603789806, 0.45755058527, -0.889042854309, 0, 0, 0, 0
0.878412399292, 0.99986615777, 0.439506709576, -0.71368008852, 0.7213742733, -1.11286914349, 0, 0, 0, 0
0.847642936707, 0.993074715137, 0.622720003128, -0.273747444153, 1.29242396355, -0.326628178358, 0, 0, 0, 0
0.816327171326, 0.0467236340046, 0.0505771003664, -0.0357569903135, -0.403116255999, 0.704630613327, 0, 0, 0, 0
1, 0.585591450334, -0.240639537573, 0.771243214607, 0.13340896368, 0.0685196742415, 0, 0, 0, 0
0.989045119286, 0.997550457716, -0.0876138433814, -0.138180583715, -0.11765486747, -0.150317132473, 0, 0, 0, 0
0.945293521881, 0.957275360823, -0.202150389552, 0.189450249076, -0.407869637012, 0.14270991087, 0, 0, 0, 0
0.903568973541, 0.867081224918, 0.658467233181, -0.0287231411785, 0.689760148525, 0.584251224995, 0, 0, 0, 0
0.577401046753, 0.996335804462, -0.305317491293, 1.27450788021, -0.94726395607, 2.54541420937, 0, 0, 0, 0
0.586722183228, 0.976351708174, -0.653232514858, 0.629317164421, -1.99638593197, 0.984059333801, 0, 0, 0, 0
0.81321931839, 0.999494850636, 0.245244115591, 0.886570870876, 0.496104836464, 1.52338957787, 0, 0, 0, 0
0.833387489319, 0.978860318661, -0.430566757917, -0.640241265297, -0.350807845592, -1.13322091103, 0, 0, 0, 0
0.831069526672, 0.991910666227, -0.497108280659, 0.94640237093, -1.08551430702, 1.38781702518, 0, 0, 0, 0
0.980473232269, 0.978322088718, -0.14065554738, 0.228604540229, -0.284459203482, 0.251345664263, 0, 0, 0, 0
0.839015083313, 0.963742405176, 0.260832607746, 1.18855345249, -0.327355504036, 1.94031071663, 0, 0, 0, 0
0.771415214539, 0.998136013746, 0.0672162994742, 0.87550932169, -0.0162192117423, 1.66322290897, 0, 0, 0, 0
0.94710899353, 0.964482456446, 0.416366606951, 0.457963526249, 0.299315065145, 0.798421502113, 0, 0, 0, 0
0.991154680252, 0.998917430639, -0.162908419967, 0.383711367846, -0.146184265614, 0.419002264738, 0, 0, 0, 0
0.904114570618, 0.322849914432, -0.189283877611, 0.108506076038, -0.0190498754382, -0.119295954704, 0, 0, 0, 0
0.620623168945, 0.995347619057, 1.63946831226, -0.479786723852, 2.45010256767, -1.09773671627, 0, 0, 0, 0
0.974132919312, 0.994930773973, 0.454001545906, -0.815077722073, 0.593931555748, -0.780108690262, 0, 0, 0, 0
1, 0.99536755681, -0.999571859837, -0.834123849869, -0.682085990906, -0.748282968998, 0, 0, 0, 0
0.755245132446, 0.873802065849, 0.441480070353, -1.08502924442, 1.71492660046, -0.845436155796, 0, 0, 0, 0
0.884352111816, 0.854353606701, 0.325083255768, 0.419857800007, 0.723788559437, 0.0937504693866, 0, 0, 0, 0
0.953989753723, 0.999376356602, -1.53524398804, -0.611842155457, -1.95808112621, -0.669130921364, 0, 0, 0, 0
0.917798891068, 0.814721077681, -0.0780236646533, 0.0970840379596, -0.555907309055, 0.00214551086538, 0, 0, 0, 0
0.668524780273, 0.9048615098, 0.282123744488, 1.50018274784, -1.09090638161, 2.30986499786, 0, 0, 0, 0
0.738527412415, 3.97562980652e-05, -0.146093398333, 0.0132496794686, 0.599167644978, -0.0619666725397, 0, 0, 0, 0
0.956575737, 0.983238846064, 0.268028199673, 1.64090168476, -0.201545998454, 2.05535793304, 0, 0, 0, 0
0.996483802795, 0.6265078336, -0.137795612216, -0.196866780519, 0.141051605344, -0.166004210711, 0, 0, 0, 0
0.935275554657, 0.885248839855, -0.121272236109, -0.582075357437, 0.360902220011, -0.683572232723, 0, 0, 0, 0
0.933876357079, 0.731882855296, -0.0611921995878, -0.176996991038, 0.280563950539, -0.297746956348, 0, 0, 0, 0
0.983839788437, 0.999618381262, 0.188071221113, 0.112601391971, 0.23911242187, 0.156162559986, 0, 0, 0, 0
0.923646774292, 0.920351028442, 0.826818346977, -0.153571024537, 0.898896157742, 0.36799749732, 0, 0, 0, 0
0.82507019043, 0.924923747778, -1.77277159691, 0.498300522566, -2.56788945198, -0.741426348686, 0, 0, 0, 0
0.824711608887, 0.949426352978, -0.533261537552, 1.10137736797, -1.41601610184, 1.11319363117, 0, 0, 0, 0
0.866031856537, 0.950912088156, 0.908878624439, -0.160777807236, 1.35029268265, 0.376231729984, 0, 0, 0, 0
0.846567077637, 0.957419246435, 0.437036216259, -0.93902772665, 1.12873804569, -0.989002168179, 0, 0, 0, 0
0.933134479523, 0.919653713703, 0.211417600513, -0.338109314442, 0.561878442764, -0.262600392103, 0, 0, 0, 0
0.953597650528, 0.979355692863, 0.105665810406, 0.295513510704, 0.268246501684, 0.36654984951, 0, 0, 0, 0
0.871465759277, 0.982546061277, 0.446912735701, 1.10120081902, 0.222762316465, 1.83922326565, 0, 0, 0, 0
0.64654914856, 0.506126484834, 0.53077352047, -0.54223382473, -1.16352772713, -1.16719424725, 0, 0, 0, 0
1, 0.213812768459, -0.249134168029, 0.813348829746, 0.503329873085, -0.162433311343, 0, 0, 0, 0
0.951621608734, 0.999444931746, 0.233926877379, -0.11230571568, 0.312792271376, -0.132418528199, 0, 0, 0, 0
0.984472455978, 0.999666333199, -0.275129765272, 0.174832969904, -0.260994821787, 0.152762427926, 0, 0, 0, 0
1, 0.901254057884, 0.906046628952, 0.348487734795, 0.284862607718, 0.450045973063, 0, 0, 0, 0
0.917353782654, 0.00477021932602, 0.439727574587, -0.486509472132, -0.654761195183, 0.548837959766, 0, 0, 0, 0
1, 0.999999910593, -1.31330275536, 0.772351622581, -1.12995791435, 0.663521111012, 0, 0, 0, 0
0.870029754639, 0.884989231825, -1.60527420044, 0.632046818733, -2.23274159431, -0.732228577137, 0, 0, 0, 0
0.784949932098, 0.998717486858, 0.398465096951, 0.369408786297, 0.910904705524, 0.730511903763, 0, 0, 0, 0
0.787445220947, 0.996326267719, 0.578406155109, 1.02558076382, 0.684606730938, 1.65505385399, 0, 0, 0, 0
0.910932579041, 0.990162432194, 0.221407964826, 0.835525810719, 0.0664161667228, 1.09930634499, 0, 0, 0, 0
0.885023651123, 0.903300225735, -0.322297543287, -0.595701873302, 0.107273235917, -0.781104385853, 0, 0, 0, 0
1, 0.717833191156, 1.66609454155, -0.439364701509, 0.890017688274, 1.03837168217, 0, 0, 0, 0
1, 0.723545908928, -1.44574892521, -0.162161082029, -0.341750741005, -0.930983185768, 0, 0, 0, 0
0.67107635498, 0.40149910748, 0.189394012094, -0.189931258559, -1.13305485249, -0.751579403877, 0, 0, 0, 0
0.565278015137, 0.927872538567, 0.129899129272, 2.37646007538, -1.47828519344, 2.7768433094, 0, 0, 0, 0
0.700412979126, 0.991321474314, 1.34663665295, -0.6475045681, 2.50951504707, -0.671905517578, 0, 0, 0, 0
1, 0.982023745775, -2.33885741234, -0.114393755794, -1.7496380806, -0.57560634613, 0, 0, 0, 0
0.928090467453, 0.923758924007, -0.0586548298597, -0.0533760413527, -0.0937024056911, -0.334691941738, 0, 0, 0, 0
0.871629676819, 0.973246335983, -0.435263514519, -0.268237113953, -1.0982478857, -0.249842748046, 0, 0, 0, 0
1, 0.742787122726, 2.1207921505, -0.70242112875, 1.39866185188, 1.28724730015, 0, 0, 0, 0
1, 0.995919376612, 1.60633337498, -0.0533623769879, 0.0860314071178, -0.0139768365771, 0, 0, 0, 0
1, 0.993950724602, -1.11468470097, -1.05897557735, -0.548068583012, -0.713057875633, 0, 0, 0, 0
1, 0.946522802114, -3.32664442062, -0.86700630188, -1.72470808029, -1.51782286167, 0, 0, 0, 0
1, 0.999295920134, -0.84910184145, -0.312251210213, -0.794985771179, -0.341251015663, 0, 0, 0, 0
1, 0.932007610798, -0.2801451087, -0.0870785564184, -0.0552532747388, -0.0602911189198, 0, 0, 0, 0
0.968342456818, 0.931772351265, -0.474651843309, -0.518714606762, -0.183953657746, -0.852466285229, 0, 0, 0, 0
1, 0.920352250338, -0.168274983764, -1.04987156391, -0.528312027454, -0.588990807533, 0, 0, 0, 0
1, 0.883859068155, -0.337197750807, 0.449841797352, 0.00980720482767, 0.187405303121, 0, 0, 0, 0
0.941504440308, 0.988014966249, -0.837461531162, -1.37034165859, -1.11454093456, -1.15411269665, 0, 0, 0, 0
1, 0.898688286543, 0.408475548029, -0.104114703834, 0.769137561321, -0.96414154768, 0, 0, 0, 0
1, 0.999472141266, -0.91226541996, -0.665915429592, -0.70911604166, -0.56934607029, 0, 0, 0, 0
0.961121673584, 0.998357445002, 0.567521929741, -0.649981677532, 0.816347420216, -1.1040418148, 0, 0, 0, 0
1, 0.999791502953, -0.0221133120358, -1.77213120461, 0.0206247754395, -1.25702857971, 0, 0, 0, 0
1, 0.983430027962, -0.110038504004, -1.39653706551, 0.240791246295, -1.32676315308, 0, 0, 0, 0
1, 0.994874179363, -0.398585677147, -0.988527655602, -0.103513590991, -0.423066437244, 0, 0, 0, 0
1, 0.934734553099, -0.115390092134, 0.239075392485, -0.77696287632, 0.53664457798, 0, 0, 0, 0
0.90635307312, 0.346843585372, -0.07699637115, 0.104005470872, 0.993133366108, 0.335689246655, 0, 0, 0, 0
1, 0.993360370398, 0.215974763036, -1.82070660591, -0.078451372683, -1.73913896084, 0, 0, 0, 0
1, 0.00469923019409, -0.19745606184, -0.262883216143, 0.0726027265191, 0.0731820166111, 0, 0, 0, 0
0.855628814697, 0.986256718636, 1.14105534554, 0.86267888546, 1.30813372135, 1.59001994133, 0, 0, 0, 0
1, 0.990203648806, -0.43585267663, -1.23902177811, -0.719360232353, -1.20957219601, 0, 0, 0, 0
0.953221588135, 0.999110639095, 0.0814881250262, -0.638458430767, 0.426658838987, -2.25990581512, 0, 0, 0, 0
0.91273109436, 0.964283883572, 0.156823605299, -2.03788495064, 0.901748120785, -1.8335776329, 0, 0, 0, 0
0.988168563843, 0.918410211802, -0.187140002847, 1.6628651619, -0.530942261219, 0.641451954842, 0, 0, 0, 0
1, 0.998131811619, -0.777916371822, 2.78782224655, -1.02678215504, 2.73957514763, 0, 0, 0, 0
1, 0.984864145517, 0.155140906572, -0.928322374821, 0.439929693937, -1.00593912601, 0, 0, 0, 0
1, 0.998939335346, 0.0877299457788, -0.170176520944, 0.0676600262523, -0.15531475842, 0, 0, 0, 0
1, 0.999956101179, -0.0260595139116, 0.324975907803, -0.02698369883, 0.288489282131, 0, 0, 0, 0
0.700305557251, 0.87670609355, -3.33120346069, 1.19939029217, -4.11173248291, -1.60408258438, 0, 0, 0, 0
0.804874687195, 0.430827900767, 0.410805493593, 0.185063451529, -0.569442331791, 0.904150784016, 0, 0, 0, 0
0.500595664978, 0.984222561121, -1.81418526173, 0.256410598755, -2.94998764992, 1.22050738335, 0, 0, 0, 0
0.681666755676, 0.996333181858, -1.70520424843, 0.0338260345161, -2.98236179352, -0.303297549486, 0, 0, 0, 0
0.391651687622, 0.999730080366, 1.61446011066, 0.115429930389, 3.16806030273, 0.331438243389, 0, 0, 0, 0
0.584366531372, 0.992765545845, 1.57274866104, 0.222872197628, 2.78532648087, -0.0823172703385, 0, 0, 0, 0
0.828013458252, 0.957189917564, -0.351899564266, 0.659060120583, -0.891188502312, 0.696728944778, 0, 0, 0, 0
0.987208824158, 0.970302730799, -0.642113447189, -1.08647143841, -0.329903960228, -1.7398263216, 0, 0, 0, 0
0.125590057373, 0.797761619091, -0.562862455845, -0.314201951027, -0.456082880497, 0.205726757646, 0, 0, 0, 0
0.747988319397, 0.984549641609, -0.269240409136, -1.59413027763, 0.235927179456, -2.87324213982, 0, 0, 0, 0
0.933742446899, 0.969585329294, 0.143060922623, 0.655238211155, -0.123211927712, 0.90287899971, 0, 0, 0, 0
0.850032691956, 0.978226542473, 0.240941286087, 1.22971427441, -0.199471622705, 1.93512499332, 0, 0, 0, 0
0.94708937645, 0.949130415916, 0.0687808021903, 0.106196843088, 0.298497349024, 0.179357841611, 0, 0, 0, 0
1, 0.897632032633, -0.0585473403335, 0.0781367197633, -0.043583765626, 0.0123627251014, 0, 0, 0, 0
0.949339160919, 0.986033916473, 0.163251668215, -0.655854165554, 0.411490440369, -0.788728773594, 0, 0, 0, 0
0.962997894287, 0.980742871761, 0.0694076567888, 0.404891550541, -0.0595161914825, 0.545540452003, 0, 0, 0, 0
0.970654392242, 0.977052122355, 0.130854234099, -0.0453107878566, 0.195830449462, -0.00572087755427, 0, 0, 0, 0
0.952553424835, 0.984513014555, 0.163457944989, 0.125854104757, 0.225563138723, 0.287588775158, 0, 0, 0, 0
0.882926979065, 0.987206161022, 0.410954833031, 0.308498263359, 0.570965647697, 0.677666723728, 0, 0, 0, 0
0.932833538055, 0.999696403742, -0.0157108400017, 0.25706833601, -0.0122556472197, 0.467838555574, 0, 0, 0, 0
0.919806613922, 0.983354836702, -0.11462328583, -0.297943681479, -0.0616743564606, -0.566158473492, 0, 0, 0, 0
0.94639799118, 0.97198626399, -0.012185594067, -0.215854436159, -0.151146501303, -0.364876270294, 0, 0, 0, 0
1, 0.967816650867, -0.0239167995751, 0.228636667132, -0.0852626338601, 0.169961169362, 0, 0, 0, 0
0.981209669113, 0.999994963408, 0.197052672505, -0.1502173841, 0.268610030413, -0.202861085534, 0, 0, 0, 0
1, 0.919285476208, 0.266778767109, -1.02737808228, -0.220780536532, -0.661608755589, 0, 0, 0, 0
1, 0.948656916618, -0.480105727911, 0.583429694176, -0.0635630264878, 0.269768238068, 0, 0, 0, 0
0.509968833923, 0.875214666128, 1.82586145401, -0.119412079453, 2.35565185547, 1.81610023975, 0, 0, 0, 0
0.941821064949, 0.947406113148, -0.136623904109, 0.0451601743698, -0.209623366594, 0.208213478327, 0, 0, 0, 0
0.961553730965, 0.96404889226, -0.00291135534644, -0.0520875900984, 0.0843624398112, -0.249802783132, 0, 0, 0, 0
0.863933238983, 0.848221689463, -0.921344518661, 0.0771343931556, -0.892578184605, -0.77787899971, 0, 0, 0, 0
1, 0.730551078916, -3.43159413338, 1.42141520977, -2.57400655746, -2.16304349899, 0, 0, 0, 0
0.822714347839, 0.347312703729, -0.0920831859112, 0.551933348179, -1.03763496876, -0.534475505352, 0, 0, 0, 0
0.49863948822, 0.954912573099, 1.65439331532, -0.256123542786, 3.02344083786, 0.850901484489, 0, 0, 0, 0
0.141506652832, 0.959622740746, 2.56931233406, 0.257533848286, 4.0623793602, 2.24328064919, 0, 0, 0, 0
0.467174224854, 0.981462299824, 2.46483016014, 1.75088572502, 2.98398804665, 3.68999934196, 0, 0, 0, 0
1, 0.93096113205, -1.35471010208, -0.574278712273, -0.82794290781, -1.11643719673, 0, 0, 0, 0
1, 0.975405275822, -1.38911938667, -0.647461235523, -1.27454888821, -0.155240207911, 0, 0, 0, 0
0.996306943893, 0.920302718878, -0.372778236866, 0.00531661743298, -0.357971221209, -0.223501056433, 0, 0, 0, 0
0.826988945007, 0.934888035059, 0.161532461643, -0.970728039742, -0.490508913994, -1.33894908428, 0, 0, 0, 0
0.916589775085, 0.850779473782, 0.555891394615, -0.39216953516, 0.125871375203, -0.76446211338, 0, 0, 0, 0
0.766191673279, 0.000249654054642, 0.435835450888, -0.118132784963, -0.851597964764, 0.202172920108, 0, 0, 0, 0
1, 0.712103202939, -0.306039512157, 0.246508032084, -0.181964442134, -0.0889422520995, 0, 0, 0, 0
1, 0.999917685986, -0.15817694366, 0.690067231655, -0.148163154721, 0.596473693848, 0, 0, 0, 0
1, 0.447532340884, -0.154595002532, -0.337240129709, -0.238944277167, 0.141597017646, 0, 0, 0, 0
0.992357368469, 0.999457716942, 0.126629039645, -0.782790362835, 0.096946425736, -0.848246634007, 0, 0, 0, 0
0.893036270142, 0.988530516624, 0.0995649546385, -0.751579582691, -0.106231689453, -1.27857589722, 0, 0, 0, 0
1, 0.997921198606, 0.366240471601, -0.522785127163, 0.383215755224, -0.452835381031, 0, 0, 0, 0
1, 0.993994355202, 0.405534058809, -2.24058818817, 0.0619112588465, -2.58905243874, 0, 0, 0, 0
1, 0.987142860889, -0.927071154118, 1.27367281914, -0.59822332859, 1.4073870182, 0, 0, 0, 0
1, 0.999119848013, 1.03982484341, -1.49869585037, 1.09808349609, -1.39773130417, 0, 0, 0, 0
1, 0.958169639111, -0.519560933113, 1.90640068054, 0.188574627042, 1.28345811367, 0, 0, 0, 0
1, 0.942295998335, 0.154561728239, -0.640278577805, -0.0972874611616, -0.38370975852, 0, 0, 0, 0
0.972545862198, 0.669958889484, 0.119006566703, -0.0399341508746, 0.138423204422, 0.174510866404, 0, 0, 0, 0
1, 0.976323395967, 0.637703001499, -1.00651478767, 0.271299958229, -1.03748345375, 0, 0, 0, 0
1, 0.648969203234, -0.180852994323, 0.295305788517, 0.267561018467, 0.305828601122, 0, 0, 0, 0
0.985924873352, 0.968904316425, -0.621058821678, -1.18010520935, -1.10586893559, -0.993287861347, 0, 0, 0, 0
1, 0.997184455395, -1.25254094601, 1.11027002335, -0.862466871738, 0.945764422417, 0, 0, 0, 0
0.906975975037, 0.984123617411, 0.741640925407, 0.0734773725271, 0.961558043957, 0.352551281452, 0, 0, 0, 0
1, 0.999182343483, 0.702568471432, -1.09349632263, 0.536371231079, -0.950216889381, 0, 0, 0, 0
1, 0.99471861124, -0.301431715488, -2.09767436981, -0.558632552624, -1.88440811634, 0, 0, 0, 0
0.862866630554, 0.996086269617, -0.932213366032, -1.03869462013, -1.05501317978, -1.52170169353, 0, 0, 0, 0
1, 0.951478272676, 1.42844927311, -0.996194183826, 1.51523256302, -0.251964688301, 0, 0, 0, 0
1, 0.893489569426, 1.77796876431, -1.90003454685, 2.39318728447, -0.370696038008, 0, 0, 0, 0
1, 0.961341261864, -1.11400222778, 0.627243995667, -1.15223562717, 0.135424479842, 0, 0, 0, 0
0.944989013672, 0.558422695845, -0.687786877155, 0.0121373347938, -0.086909160018, 0.870858073235, 0, 0, 0, 0
1, 0.924673318863, -0.849284470081, -0.835393488407, -0.329830616713, -1.36199402809, 0, 0, 0, 0
0.960579872131, 0.00853636860847, -0.203834742308, -0.0416930355132, 0.607488453388, 0.0101528121158, 0, 0, 0, 0
1, 0.437974743545, 0.464884668589, 0.157555237412, 0.112809590995, -0.549748837948, 0, 0, 0, 0
0.980142688751, 0.930461257696, 0.105828113854, -0.71207767725, 0.335208237171, -0.413460165262, 0, 0, 0, 0
1, 0.983063519001, 0.546024501324, 0.070721745491, 0.391523361206, -0.0520696491003, 0, 0, 0, 0
0.693613204956, 0.867923974991, -1.84542346001, 0.889720320702, -3.34965443611, -1.0165104866, 0, 0, 0, 0
0.420740661621, 0.769343018532, -2.50107741356, 1.14769184589, -3.7123939991, -2.38847517967, 0, 0, 0, 0
0.262019348145, 0.976978600025, 0.888110697269, 0.873237431049, 2.75888371468, 1.40948653221, 0, 0, 0, 0
0.489836502075, 0.231034576893, -0.151285842061, 1.35494673252, -2.03422236443, -1.6422213316, 0, 0, 0, 0
0.0367192840576, 0.753905177116, -1.14617681503, 0.241501793265, -3.00306367874, -3.28688597679, 0, 0, 0, 0
0.655916252136, 0.812357127666, 0.285219818354, -1.77465450764, 1.44030416012, -0.815907359123, 0, 0, 0, 0
0.862130470276, 0.999691277742, -0.477726638317, -1.54257035255, -0.662894904613, -1.90133106709, 0, 0, 0, 0
1, 0.979869008064, -0.155566826463, -0.649105906487, 0.034249022603, -0.691306710243, 0, 0, 0, 0
0.947130298615, 0.99999448657, -0.101487256587, -0.271218150854, -0.151993110776, -0.412071675062, 0, 0, 0, 0
0.975869960785, 0.0322833657265, -0.0418041497469, -0.0502867028117, 0.0399817191064, 0.115881718695, 0, 0, 0, 0
0.914090862274, 0.712558850646, -0.22977219522, -0.170954331756, -0.300282537937, 0.160956293344, 0, 0, 0, 0
0.945385680199, 0.878054350615, -0.0867490842938, -0.0301577914506, -0.177482232451, 0.0706573352218, 0, 0, 0, 0
0.905212802887, 0.977818459272, 0.02222680673, -0.0472535304725, 0.0486071892083, -0.343220323324, 0, 0, 0, 0
0.9985526371, 0.861582398415, -0.00446491967887, 0.165111199021, 0.122886426747, 0.135836139321, 0, 0, 0, 0
0.521050872803, 0.000811576843262, 0.0648369044065, -0.27766212821, -0.209968656301, 1.20572328568, 0, 0, 0, 0
0.697212238312, 0.517925294116, 0.0441810265183, 0.00295967259444, 0.101124197245, -0.980730354786, 0, 0, 0, 0
0.810501060486, 0.590195797384, 0.151081368327, 0.0621909424663, 0.27213293314, -0.422809809446, 0, 0, 0, 0
0.738401527405, 0.992358565331, -0.0633695498109, 0.262215554714, -0.070044927299, 1.12705302238, 0, 0, 0, 0
0.7385779953, 0.487984928302, -0.0683809146285, -0.0146353133023, -0.140215858817, 0.741816937923, 0, 0, 0, 0
0.754062805176, 0.725209534168, -0.192033722997, 0.00254299095832, -0.244880244136, -0.469824433327, 0, 0, 0, 0
0.925159635544, 0.96819293499, 0.0394108556211, -0.0418647527695, 0.0927984789014, -0.221582904458, 0, 0, 0, 0
0.592740821838, 0.811309337616, 0.255059927702, -0.66142386198, -0.852088093758, -1.45208060741, 0, 0, 0, 0
0.504042816162, 0.57264174521, -0.11861371249, 0.444171220064, 0.783629953861, 0.337571114302, 0, 0, 0, 0
0.791911144257, 0.999268382788, -0.309191524982, -0.388483524323, -0.512841820717, -0.721207976341, 0, 0, 0, 0
0.790639896393, 0.979206651449, 0.608488440514, -0.00127821380738, 0.466593533754, 0.137869700789, 0, 0, 0, 0
0.432710266113, 0.977450698614, 0.486727505922, 1.13582742214, 2.13049483299, 2.49721360207, 0, 0, 0, 0
0.790519447327, 0.987923532724, -1.36013174057, -0.925442576408, -1.60963904858, -1.71708714962, 0, 0, 0, 0
0.968918704987, 0.894795060158, -0.000222212227527, -0.580242574215, 0.354293763638, -0.45624563098, 0, 0, 0, 0
0.609130020142, 0.97497689724, 0.104433454573, -2.39108419418, 1.05719196796, -2.79715418816, 0, 0, 0, 0
0.600976715088, 0.979624807835, -0.525801479816, -2.64725065231, 0.414471745491, -4.57278728485, 0, 0, 0, 0
0.887017822266, 0.959658563137, -0.503098726273, 0.883874475956, -1.09239315987, 0.828512251377, 0, 0, 0, 0
0.950610351562, 0.901595950127, 0.200536355376, 0.391186088324, -0.0983183309436, 0.592439055443, 0, 0, 0, 0
0.973466832638, 0.954298704863, 0.0227448176593, 0.0236069299281, 0.0745582580566, 0.0291857179254, 0, 0, 0, 0
0.891470451355, 0.763733237982, -0.0093857711181, -0.30429315567, 0.499888896942, -0.332139670849, 0, 0, 0, 0
0.427363357544, 0.970340788364, 0.00818118359894, -2.23172259331, 1.37659263611, -3.77320194244, 0, 0, 0, 0
0.811845932007, 0.972596257925, -0.778021275997, -1.63999593258, -0.351216167212, -3.16981816292, 0, 0, 0, 0
0.948093528748, 0.873403042555, 0.0759786218405, 0.312895923853, -0.208925634623, 0.392321944237, 0, 0, 0, 0
1, 0.967363923788, 0.031875602901, -0.0602601245046, 0.0241298116744, -0.0212036985904, 0, 0, 0, 0
0.605974464417, 0.961669266224, 0.179299369454, 1.51793408394, -0.796559870243, 2.80670881271, 0, 0, 0, 0
0.44708404541, 0.977015346289, 0.874027013779, 2.7870182991, -0.00263575534336, 5.32778167725, 0, 0, 0, 0
0.930304698944, 0.939723044634, -0.254803031683, -0.433193832636, -0.0273153167218, -0.767046809196, 0, 0, 0, 0
0.849206428528, 0.910572052002, -0.32264187932, -0.498768210411, 0.0395781621337, -1.19143784046, 0, 0, 0, 0
1, 0.0233229100704, -0.295036435127, 0.0530212707818, 0.105486147106, -0.0555152185261, 0, 0, 0, 0
1, 0.965700566769, 0.289356827736, -0.224289387465, 0.115730069578, -0.193570792675, 0, 0, 0, 0
0.986407957077, 0.987300425768, -0.125454872847, 0.108000293374, -0.119573757052, 0.162572965026, 0, 0, 0, 0
0.999544324875, 0.985733389854, -0.0686143115163, 0.0816857293248, -0.0439543835819, 0.0322293192148, 0, 0, 0, 0
0.956238031387, 0.88089337945, 0.334974080324, -0.08952588588, 0.404340237379, 0.19212256372, 0, 0, 0, 0
0.645307922363, 0.782544106245, 1.92424070835, -0.522485435009, 2.28644776344, 1.94594943523, 0, 0, 0, 0
0.616511001587, 0.808016508818, 2.22163176537, -0.122321747243, 2.19190502167, 2.50568890572, 0, 0, 0, 0
0.89362865448, 0.810923367739, -0.901212632656, 0.146627441049, -0.874005317688, -0.795501828194, 0, 0, 0, 0
0.91185092926, 0.849179238081, -1.49000561237, 0.42375805974, -1.54179918766, -0.884025394917, 0, 0, 0, 0
0.282129669189, 0.800984472036, -2.71108412743, 1.54146814346, -5.43242168427, -2.34713435173, 0, 0, 0, 0
0.334743041992, 0.997151792049, 1.20910084248, -0.256904244423, 2.32506561279, -0.239328756928, 0, 0, 0, 0
0.707327384949, 0.88098731637, 1.27722632885, -0.830648779869, 2.79743313789, 0.359516263008, 0, 0, 0, 0
1, 0.866959005594, -0.42281472683, 0.129859372973, -0.344531714916, -0.16589191556, 0, 0, 0, 0
0.894458007812, 0.939586043358, -0.457244038582, -0.185378655791, -0.502922415733, -0.610663712025, 0, 0, 0, 0
0.977880992889, 0.951040744781, -0.312954366207, -0.00882188789546, -0.318809360266, -0.163716718554, 0, 0, 0, 0
0.912254104614, 0.954976469278, 0.42615377903, 0.449132651091, 0.29341506958, 0.852379798889, 0, 0, 0, 0
0.296010284424, 0.285488188267, -0.141198188066, -0.0287380032241, 0.101291038096, 0.409256339073, 0, 0, 0, 0
0.835300483704, 0.990756183863, 0.0127522675321, 0.84361320734, -0.221967488527, 1.23756039143, 0, 0, 0, 0
0.930190753937, 0.780525535345, -0.0159753672779, -0.131254851818, -0.140716403723, -0.072284348309, 0, 0, 0, 0
0.84642791748, 0.983326077461, -0.0481759719551, -0.637136340141, 0.217730298638, -1.17313814163, 0, 0, 0, 0
0.902083473206, 0.991279453039, 0.205492347479, 0.50358581543, 0.0869255810976, 0.427952677011, 0, 0, 0, 0
0.999466171265, 0.997427582741, -0.0903978645802, -0.112633191049, -0.119612567127, -0.184640809894, 0, 0, 0, 0
0.957744960785, 0.840580254793, -0.324271947145, 0.013406207785, -0.280291259289, -0.277353972197, 0, 0, 0, 0
0.735207481384, 0.991418898106, -0.233018711209, -0.472419857979, -0.65276235342, -0.869874954224, 0, 0, 0, 0
0.826549663544, 0.954845964909, 0.206333220005, 0.23270393908, 0.236115440726, 0.104632712901, 0, 0, 0, 0
0.561142272949, 0.996988981962, 0.59445887804, 0.426742941141, 3.74284243584, 3.36586523056, 0, 0, 0, 0
0.617103691101, 0.958194583654, -0.129147067666, 0.364794224501, 0.142107501626, 1.98207354546, 0, 0, 0, 0
0.875628004074, 0.976444512606, 0.193115130067, 0.184333369136, 0.54009270668, 0.263538897038, 0, 0, 0, 0
0.287607955933, 0.999361783266, 1.03037571907, 0.500855505466, 3.94290184975, 1.67600607872, 0, 0, 0, 0
1, 0.961224466562, -2.28517174721, -1.41158509254, -2.0802564621, -0.32914596796, 0, 0, 0, 0
0.598853912354, 0.999909847975, 0.0617916248739, -0.202487036586, 0.44872584939, -1.57711672783, 0, 0, 0, 0
0.91862569809, 0.999974519014, -0.0505930781364, -0.526022195816, -0.0898550450802, -0.844688057899, 0, 0, 0, 0
1, 0.972133278847, 0.330315768719, -0.234516471624, 0.453417658806, -0.131341680884, 0, 0, 0, 0
1, 0.877519726753, -0.0179073493928, -0.0884169340134, 0.0846385732293, -0.149465620518, 0, 0, 0, 0
0.944531841278, 0.93212801218, -0.502501487732, 0.100000649691, -0.680432200432, -0.233587950468, 0, 0, 0, 0
0.901365728378, 0.98984965682, -0.368456661701, -0.142039343715, -0.619387507439, -0.396817803383, 0, 0, 0, 0
0.998534693718, 0.956629514694, -0.0392494015396, -0.152414545417, 0.029353549704, -0.17355966568, 0, 0, 0, 0
0.787323131561, 0.978284388781, -0.855243742466, -0.0487230606377, -1.39511477947, -0.513544738293, 0, 0, 0, 0
0.776421318054, 0.999992221594, -1.39852976799, -0.352221697569, -2.19900941849, -0.540780901909, 0, 0, 0, 0
0.844418258667, 0.989788413048, 1.07541167736, 0.000733900466003, 1.68801748753, 0.347686588764, 0, 0, 0, 0
0.854598121643, 0.797630131245, 0.57436144352, -0.767880499363, -0.312821060419, -1.04447793961, 0, 0, 0, 0
0.920344238281, 0.836168974638, -0.24681840837, 0.961739659309, 0.907382190228, 1.37828195095, 0, 0, 0, 0
1, 0.986174613237, -1.25304937363, -0.0735077410936, -1.13298797607, -0.343415856361, 0, 0, 0, 0
0.474218635559, 0.356691434979, 0.299287378788, -1.05167257786, 2.39008927345, 1.52505743504, 0, 0, 0, 0
0.435422706604, 0.988813310862, -0.54207354784, 1.09733331203, -1.81480777264, 2.2871131897, 0, 0, 0, 0
0.740384750366, 0.986791342497, -0.143598720431, 2.06413817406, -0.885177195072, 2.86332798004, 0, 0, 0, 0
0.669316101074, 0.992712795734, -0.568102836609, 0.0659207552671, -1.07298636436, 0.316058039665, 0, 0, 0, 0
0.539927139282, 0.849019497633, 0.804272115231, 0.0967901796103, 2.19250535965, -1.7670981884, 0, 0, 0, 0
0.986470146179, 0.96491509676, 0.720419347286, -1.14244842529, 1.20897173882, -0.883963227272, 0, 0, 0, 0
1, 0.787340164185, -0.386526525021, -0.00414570001885, -0.232351064682, -0.338544309139, 0, 0, 0, 0
1, 0.985675722361, -0.814465224743, 1.23786079884, -0.833893835545, 0.775142610073, 0, 0, 0, 0
0.876602058411, 0.485689269379, -0.819592118263, 0.438649713993, 0.747307121754, 1.30508196354, 0, 0, 0, 0
1, 0.222863972187, 1.10982549191, -0.0245237834752, -0.275665134192, 0.434467017651, 0, 0, 0, 0
1, 0.999584168196, 1.02895724773, -0.697447419167, 0.28660222888, -0.211818918586, 0, 0, 0, 0
0.791230163574, 0.799609035254, -0.0659419521689, -0.434871405363, 0.839964866638, -0.852855861187, 0, 0, 0, 0
0.933867206573, 0.826063156128, -0.464785188437, -0.32100713253, -0.0961805358529, -0.904325544834, 0, 0, 0, 0
1, 0.999472975731, 0.424137175083, 0.501168489456, 0.433883875608, 0.563203454018, 0, 0, 0, 0
1, 0.989043146372, 0.10562004149, 0.581079781055, -0.00873021408916, 0.291584461927, 0, 0, 0, 0
1, 0.78267338872, 0.13111846149, -0.61910700798, -0.456169784069, -0.478760182858, 0, 0, 0, 0
0.844353313446, 0.473358422518, 0.286220580339, 0.337320238352, -0.55017966032, 0.418528348207, 0, 0, 0, 0
0.941855697632, 0.998351454735, -2.67002248764, -0.188394472003, -3.50255250931, 0.0377776473761, 0, 0, 0, 0
0.769459533691, 0.99471488595, -0.713882803917, -0.090721718967, -1.50307416916, -0.419113755226, 0, 0, 0, 0
0.142524642944, 0.941153824329, 0.592076420784, 1.584664464, -0.705034911633, 5.29043674469, 0, 0, 0, 0
0.979657020569, 0.755773723125, -0.227907210588, -0.139580920339, 0.0030345809646, -0.242051795125, 0, 0, 0, 0
1, 0.998952925205, 0.240000501275, -0.275348812342, 0.189889624715, -0.191321134567, 0, 0, 0, 0
0.86853061676, 0.467610213906, 0.389918982983, 0.614329576492, 0.86623942852, -0.632084012032, 0, 0, 0, 0
0.79714805603, 0.1987388134, -0.640040814877, 0.60090559721, 0.777379274368, 0.133655682206, 0, 0, 0, 0
0.368280639648, 0.327972859144, 0.995726943016, -0.697449147701, -0.7696788311, -0.536274731159, 0, 0, 0, 0
0.628479003906, 0.995932221413, 1.05648744106, 0.45443329215, 3.78068184853, 2.23480129242, 0, 0, 0, 0
1, 0.994049280882, -2.14651846886, -0.411770641804, -1.95637595654, -0.0686852931976, 0, 0, 0, 0
1, 0.997111320496, 0.256774246693, 0.928915798664, 0.600142598152, 1.51471471786, 0, 0, 0, 0
1, 0.826689273119, 3.39325451851, 1.87537026405, 1.88451135159, -0.696160078049, 0, 0, 0, 0
1, 0.723170608282, 2.21673440933, -0.155573382974, 0.817398250103, -1.97389352322, 0, 0, 0, 0
1, 0.905344069004, -1.38357281685, -1.05384624004, -0.311268389225, -1.02661418915, 0, 0, 0, 0
1, 0.381095089018, -0.857947051525, 1.39620447159, 1.26097893715, 0.405166834593, 0, 0, 0, 0
1, 0.953896224499, -1.79912674427, 1.72538077831, -1.16636860371, 0.401689559221, 0, 0, 0, 0
1, 0.989782124758, -5.96841669083, 1.06743443012, -2.90166568756, -0.0741173028946, 0, 0, 0, 0
1, 0.998698949814, -4.45386314392, 3.20721817017, -1.11967480183, 0.689459145069, 0, 0, 0, 0
0.652051315308, 0.993001312017, -2.5925514698, -1.64727604389, -3.83655142784, -1.61538934708, 0, 0, 0, 0
0.325116348267, 0.998798787594, -0.213254824281, -0.752193450928, -0.671513974667, -3.19865393639, 0, 0, 0, 0
0.871403198242, 0.995979547501, 0.438672602177, -0.680648863316, 4.06937503815, -4.83729028702, 0, 0, 0, 0
0.446234741211, 0.999975264072, 1.76444482803, -0.68747395277, 3.2413828373, -1.30020856857, 0, 0, 0, 0
1, 0.995779663324, 2.11071658134, -0.506494820118, 1.98705375195, -0.210395395756, 0, 0, 0, 0
1, 0.40118663758, -2.02301931381, 0.718950331211, 0.915639877319, 1.52613329887, 0, 0, 0, 0
1, 0.999788433313, -1.152967453, 0.267206460238, -1.83092105389, 0.368559241295, 0, 0, 0, 0
0.0573933410645, 0.99990260601, -2.25740289688, 0.685984075069, -5.26590871811, 1.48732447624, 0, 0, 0, 0
0.805483226776, 0.989080369473, -0.551934361458, -0.287768572569, -1.01707088947, -0.839395463467, 0, 0, 0, 0
0.42943069458, 0.99995264411, 0.693497061729, -0.761134266853, 2.02661180496, -2.16367316246, 0, 0, 0, 0
0.740718536377, 0.929932534695, 2.69756364822, -0.620063483715, 4.78389930725, -4.56261491776, 0, 0, 0, 0
0.82733669281, 0.998892128468, 2.0610127449, -0.423020631075, 2.61258721352, -0.357134282589, 0, 0, 0, 0
1, 0.982155323029, 1.09801638126, -0.436980575323, 1.12711107731, -0.125384882092, 0, 0, 0, 0
1, 0.900343835354, 0.577827036381, -0.0451609306037, 0.404449343681, 0.256030410528, 0, 0, 0, 0
1, 0.477213239297, -2.36435842514, 1.84475922585, 1.26796281338, 1.48067843914, 0, 0, 0, 0
1, 0.965278744698, 1.84014868736, 0.302378356457, 2.73040342331, -0.587666332722, 0, 0, 0, 0
1, 0.661807373166, -0.00571869825944, 2.67081880569, -1.18849682808, 0.403648346663, 0, 0, 0, 0
0.695311737061, 0.804766029119, -0.55268061161, 0.941935420036, -2.05684351921, 0.258140414953, 0, 0, 0, 0
0.791243171692, 0.974131941795, -1.08557152748, -0.803988158703, -2.19125986099, -0.712547361851, 0, 0, 0, 0
0.817094078064, 0.322321817279, 0.0976186171174, -0.0824232250452, 0.168029084802, 0.478198379278, 0, 0, 0, 0
0.462079162598, 0.999991089106, 0.417587637901, -0.727084517479, 1.12033200264, -1.92399203777, 0, 0, 0, 0
0.872113609314, 0.795595645905, 0.500174939632, 0.0687820166349, 0.504428625107, 0.932469248772, 0, 0, 0, 0
0.955120716095, 0.890198856592, 0.117747142911, -0.225144088268, 0.0697313994169, -0.0305926371366, 0, 0, 0, 0
0.491852416992, 0.996839642525, 0.597946882248, 0.690861642361, 1.18733274937, 1.73204004765, 0, 0, 0, 0
0.0260121154785, 0.993216484785, 0.344371020794, -1.96697044373, 1.67258131504, -4.75505113602, 0, 0, 0, 0
0.735379943848, 0.0143482983112, -0.221118852496, -0.88041728735, 0.00882407929748, 1.49119567871, 0, 0, 0, 0
0.623642196655, 0.975620180368, -0.0308606158942, -1.98441588879, 0.917875468731, -2.98825311661, 0, 0, 0, 0
0.890470867157, 0.994945138693, 0.341237425804, 0.442458420992, 0.485872149467, 0.859249472618, 0, 0, 0, 0
0.935977363586, 0.817915916443, 0.141375616193, 0.544220983982, -0.412092477083, 0.568111598492, 0, 0, 0, 0
0.627725753784, 0.999405533075, 0.923015892506, 2.69654560089, 1.29163348675, 4.47445392609, 0, 0, 0, 0
0.766231689453, 0.984100222588, -0.773913919926, 2.45686078072, -1.69392383099, 2.71375179291, 0, 0, 0, 0
0.587830963135, 0.984674721956, 1.53781843185, 2.04668927193, 3.39543700218, 2.73562288284, 0, 0, 0, 0
1, 0.960009396076, 1.63255262375, 4.38178396225, -0.153637140989, 3.33589410782, 0, 0, 0, 0
0.924372024536, 0.997846066952, -0.363876342773, -2.33533596992, -0.146179094911, -2.36563181877, 0, 0, 0, 0
1, 0.996482014656, -1.30727243423, -0.507157981396, -0.739923715591, -0.393500119448, 0, 0, 0, 0
1, 0.989327609539, -2.25077581406, -2.87245249748, -0.699362754822, -1.41991508007, 0, 0, 0, 0
1, 0.861749529839, -2.17861509323, 0.111915893853, -1.38085496426, 1.46003878117, 0, 0, 0, 0
1, 0.999881982803, -2.34577870369, 0.534973800182, -2.47548294067, 0.621420681477, 0, 0, 0, 0
0.785155982971, 0.959373950958, 1.22466433048, 0.13905492425, 1.4750995636, 0.842549920082, 0, 0, 0, 0
0.60436958313, 0.90662625432, 2.53157114983, -0.0193510781974, 2.81398010254, 1.98115646839, 0, 0, 0, 0
1, 0.909132450819, -1.16675138474, 3.82330179214, -1.49534261227, 1.16580927372, 0, 0, 0, 0
1, 0.411328494549, -0.66796284914, 1.84460532665, 2.69570469856, 0.460356414318, 0, 0, 0, 0
1, 0.966671317816, 4.17636060715, -0.148508876562, 2.69375681877, 0.927611172199, 0, 0, 0, 0
1, 0.999680578709, 2.97686457634, -1.80788946152, 0.79886174202, -0.525131940842, 0, 0, 0, 0
1, 0.0897893607616, -0.809718370438, -1.1396509409, 0.223237931728, 0.080077201128, 0, 0, 0, 0
1, 0.851919591427, -2.99679589272, -5.1765422821, 0.618919670582, -2.27850222588, 0, 0, 0, 0
1, 0.941363275051, -3.66659474373, -0.199762105942, -1.64376461506, -0.993361413479, 0, 0, 0, 0
1, 0.83242174983, 0.988859117031, 1.77599143982, -0.0847643315792, 0.243123799562, 0, 0, 0, 0
1, 0.979043930769, 0.606744468212, -0.968268692493, 0.290766566992, -0.255270063877, 0, 0, 0, 0
1, 0.999746918678, -0.716308295727, 1.75925898552, -0.500254750252, 1.12479484081, 0, 0, 0, 0
1, 0.949054509401, -3.33559298515, -2.26034998894, -0.804396510124, -1.40527963638, 0, 0, 0, 0
1, 0.71088668704, -3.1048605442, -1.02522790432, -2.07798695564, 2.21129393578, 0, 0, 0, 0
0.971756286621, 0.978024840355, 0.841367483139, 2.80809235573, -0.0242488607764, 3.74975442886, 0, 0, 0, 0
1, 0.995564073324, -0.213725596666, -0.267921298742, -0.144508987665, -0.241053774953, 0, 0, 0, 0
0.966589679718, 0.960276842117, 0.196695402265, -0.508513987064, 0.405480533838, -0.417846381664, 0, 0, 0, 0
1, 0.188489556313, -1.82152676582, 1.1548999548, 0.0812534615397, -0.752696573734, 0, 0, 0, 0
1, 0.993724316359, 3.42923879623, 0.0537574440241, 2.51781988144, -0.362340122461, 0, 0, 0, 0
0.906676540375, 0.915790498257, 0.215830802917, -0.465445965528, 0.746865451336, -0.455601990223, 0, 0, 0, 0
1, 0.976049423218, -1.82896089554, -0.720733463764, -1.25260174274, -1.02573502064, 0, 0, 0, 0
0.689098587036, 0.227707862854, 0.75781327486, -0.55562877655, 0.0431760884821, 0.759742438793, 0, 0, 0, 0
1, 0.491664630361, 0.702634513378, 0.125703245401, -0.741971135139, 3.7824614048, 0, 0, 0, 0
0.275245666504, 0.99981507659, 0.820634543896, 0.130969464779, 4.01348209381, 0.753000497818, 0, 0, 0, 0
0.88092590332, 0.440695293248, 0.0181721970439, 0.0158294234425, 2.14666080475, -3.15319681168, 0, 0, 0, 0
0.695197143555, 0.997494339943, 0.780139625072, 0.277553468943, 1.6871958971, 0.798352241516, 0, 0, 0, 0
0.904000015259, 0.999626010656, 0.633202791214, 0.00371958850883, 0.991145014763, -0.0325260311365, 0, 0, 0, 0
0.998719472885, 0.980509310961, -0.1497104913, -0.0792002305388, -0.102830074728, -0.0990603938699, 0, 0, 0, 0
0.675339851379, 0.992670416832, 0.631516039371, -0.713818252087, 1.04160261154, -1.68803489208, 0, 0, 0, 0
0.702131671906, 0.871213883162, -0.726291537285, -0.334940940142, -0.756386101246, -1.76639068127, 0, 0, 0, 0
0.79816280365, 0.992136776447, -1.46198344231, 0.430933326483, -2.65313720703, 0.29050129652, 0, 0, 0, 0
0.544429130554, 0.98081445694, -1.35481834412, 0.46444940567, -3.60381388664, 0.188798949122, 0, 0, 0, 0
0.421093978882, 0.872302234173, -1.03551328182, 0.35416162014, -2.87188506126, -1.2186511755, 0, 0, 0, 0
0.882637786865, 0.94464096427, 0.614299058914, -0.246203333139, 1.22111022472, 0.114924676716, 0, 0, 0, 0
0.935704975128, 0.989560008049, 0.0864717438817, -0.230564311147, 0.0585925653577, -0.377211600542, 0, 0, 0, 0
0.937086453438, 0.612679697573, -0.0359612107277, -0.0254256539047, 0.0477063171566, -0.116682730615, 0, 0, 0, 0
0.12446105957, 0.960430085659, 0.798703253269, -1.06955802441, 2.98806238174, -1.74616992474, 0, 0, 0, 0
0.693458099365, 0.988231152296, 1.52064979076, 0.151603117585, 2.32370972633, 0.761716723442, 0, 0, 0, 0
1, 0.998810499907, 0.457958608866, 2.21457409859, 0.320726245642, 2.36256027222, 0, 0, 0, 0
0.90214225769, 0.993408352137, 1.10956740379, 2.51987409592, 0.795595765114, 3.08715963364, 0, 0, 0, 0
1, 0.921698540449, -1.90237545967, -2.12803721428, -0.297132670879, -1.81528091431, 0, 0, 0, 0
1, 0.396057143807, 1.54129111767, -1.01455152035, 0.1322914958, 0.338326662779, 0, 0, 0, 0
1, 0.982518553734, 1.77791845798, -3.28250646591, 0.679671227932, -2.8873591423, 0, 0, 0, 0
1, 0.989976733923, 1.65759587288, -1.22022414207, 0.69609606266, -0.769035220146, 0, 0, 0, 0
0.822721862793, 0.914107859135, 0.942319512367, -1.97327661514, -0.287479132414, -1.91039228439, 0, 0, 0, 0
1, 0.642543673515, -0.11110445112, 0.112195126712, 0.108719617128, 0.198450669646, 0, 0, 0, 0
1, 0.000248581171036, -2.82584547997, -1.23062133789, 1.56743991375, 0.742244541645, 0, 0, 0, 0
1, 0.816916674376, -2.18770861626, 0.693128347397, -0.390679448843, -0.254552543163, 0, 0, 0, 0
1, 0.597681246698, 1.35794723034, -0.12645983696, 0.403355032206, 1.35421311855, 0, 0, 0, 0
0.945324325562, 0.999948889017, 0.721561431885, -2.4953186512, 0.909424126148, -3.32220816612, 0, 0, 0, 0
1, 0.964082866907, -0.859048247337, -2.3889875412, 0.076098062098, -2.10397195816, 0, 0, 0, 0
1, 0.974456399679, -0.330762058496, 2.04900789261, 0.235498666763, 1.4502556324, 0, 0, 0, 0
0.92732460022, 0.670430257916, -1.09481322765, -1.06058371067, -1.43568527699, 0.699626326561, 0, 0, 0, 0
0.941153335571, 0.999677121639, 1.56538057327, 2.01730322838, 1.73025238514, 2.40333843231, 0, 0, 0, 0
1, 0.995945513248, -1.18826019764, -2.39817976952, -0.904115557671, -2.61741352081, 0, 0, 0, 0
1, 0.999842584133, 0.425254911184, 1.12926101685, 0.274883180857, 0.677868068218, 0, 0, 0, 0
1, 0.997637152672, 0.383794665337, 1.93340981007, 0.14142678678, 1.428206563, 0, 0, 0, 0
1, 0.964628398418, 3.75052499771, 3.14412784576, 1.63592028618, 3.0324485302, 0, 0, 0, 0
1, 0.933265566826, 1.31775712967, 1.43273353577, 0.273551553488, 1.21737873554, 0, 0, 0, 0
1, 0.945025831461, -0.0598008260131, -1.35860276222, 0.140927001834, -0.307812333107, 0, 0, 0, 0
1, 0.990082919598, -2.88388133049, -1.54594194889, -1.21907126904, -0.367214560509, 0, 0, 0, 0
1, 0.659931883216, -0.55632853508, -0.492140859365, 0.182963475585, -0.434360980988, 0, 0, 0, 0
1, 0.971550315619, 0.152084499598, 0.163351923227, 0.283035814762, 0.649906754494, 0, 0, 0, 0
1, 0.952564299107, 0.669291198254, 0.625570595264, 0.326903551817, 0.818375468254, 0, 0, 0, 0
1, 0.999658763409, -0.778756141663, -0.550333321095, -0.643023610115, -0.491012752056, 0, 0, 0, 0
1, 0.850787013769, -0.463286519051, -0.365738898516, -0.0352112203836, -0.320771604776, 0, 0, 0, 0
1, 0.996067166328, -3.45093631744, 0.478454649448, -1.72793722153, 0.0211862549186, 0, 0, 0, 0
1, 0.634995743632, 0.31829226017, -0.259744137526, 0.234081923962, 0.164636924863, 0, 0, 0, 0
1, 0.950283199549, -0.175596937537, -1.92527627945, 0.559584081173, -1.4922221899, 0, 0, 0, 0
1, 0.975387275219, -0.0314106978476, -0.213652521372, 0.0466562844813, -0.273277133703, 0, 0, 0, 0
1, 0.948374569416, 0.352273523808, -0.0741429850459, 0.379276782274, 0.0972437858582, 0, 0, 0, 0
1, 0.709060609341, 0.0308210551739, -0.192306578159, -0.135778933764, -0.0909695848823, 0, 0, 0, 0
0.968148841858, 0.986265361309, 0.360276609659, -0.020358312875, 0.890250563622, 0.160603016615, 0, 0, 0, 0
1, 0.957389295101, 0.410428613424, 0.588102936745, 0.242561638355, 1.2380695343, 0, 0, 0, 0
1, 0.788584560156, 0.166010603309, 0.538039326668, -0.30787229538, 0.399767994881, 0, 0, 0, 0
1, 0.965667963028, -1.08734714985, 0.547164738178, -1.07583165169, 0.100863553584, 0, 0, 0, 0
1, 0.826179027557, 1.11524188519, -0.704443156719, 0.248528167605, -1.67472624779, 0, 0, 0, 0
1, 0.94976401329, 0.514583289623, -0.501896619797, 0.265880465508, -0.73805975914, 0, 0, 0, 0
1, 0.84183049202, -0.408326476812, -1.94806015491, 0.482698500156, -0.688561081886, 0, 0, 0, 0
1, 0.967988044024, 4.3030462265, -0.529528796673, 1.4492739439, -0.758598983288, 0, 0, 0, 0
1, 0.998821437359, 3.21283841133, 6.08555746078, 1.08941578865, 1.75935900211, 0, 0, 0, 0
1, 0.908583581448, 1.34281766415, 0.800478696823, 0.257914662361, 0.579224705696, 0, 0, 0, 0
0.777824478149, 0.991330116987, -0.623747289181, -0.236655578017, -1.28599059582, -0.786900520325, 0, 0, 0, 0
0.601033248901, 0.998915344477, 0.756030142307, -0.0699501559138, 2.37100458145, -0.0625593140721, 0, 0, 0, 0
0.111393585205, 0.986742854118, 1.81440985203, -0.608149111271, 5.75050640106, -0.534127473831, 0, 0, 0, 0
0.818520355225, 0.992891222239, 0.53730070591, -0.83114439249, 1.02380669117, -1.1151715517, 0, 0, 0, 0
0.620835342407, 0.933969974518, -1.62820649147, 1.22643089294, -4.25097846985, 0.537676751614, 0, 0, 0, 0
0.909075737, 0.0644930899143, -0.106353238225, 0.0265553966165, 0.0835105478764, -0.0790905207396, 0, 0, 0, 0
0.839808921814, 0.99999538064, 0.549008369446, 0.1029971838, 1.10943686962, 0.213042870164, 0, 0, 0, 0
0.919663619995, 0.852190375328, -0.00657251989469, 0.0775473117828, -0.0944541320205, 0.0790740475059, 0, 0, 0, 0
0.640492630005, 0.998298585415, 0.960267305374, 0.0054959221743, 2.36506032944, 0.209240809083, 0, 0, 0, 0
0.938448705673, 0.983256191015, 0.272364974022, 0.0191311407834, 0.449198573828, 0.153685376048, 0, 0, 0, 0
0.809609680176, 0.0239889323711, -0.355063855648, -1.02565848827, 0.0106093753129, 0.476747304201, 0, 0, 0, 0
1, 0.990726917982, 0.886324226856, -2.35633087158, 0.428954005241, -2.54648995399, 0, 0, 0, 0
1, 0.999156236649, -0.216047629714, -0.444511592388, -0.153774634004, -0.369561225176, 0, 0, 0, 0
1, 0.684834256768, -0.0346309654415, 0.231453925371, -1.91745495796, 0.449223250151, 0, 0, 0, 0
1, 0.540952645242, -0.536069750786, 2.51809763908, -0.409541726112, -0.0526089072227, 0, 0, 0, 0
1, 0.101839065552, 1.06862437725, 2.68543624878, -0.626591742039, -0.377701461315, 0, 0, 0, 0
0.999002790451, 0.997490972281, 0.189835891128, 0.477989941835, 0.141603320837, 0.496496260166, 0, 0, 0, 0
1, 0.958113849163, 0.416328877211, 1.473107934, -0.173807919025, 1.26260066032, 0, 0, 0, 0
0.684893493652, 0.896694839001, -1.3032938242, 0.0565368048847, -1.60874021053, -1.12698125839, 0, 0, 0, 0
1, 0.99999833107, 3.0224738121, 0.864098787308, 2.00211882591, 0.577951192856, 0, 0, 0, 0
0.913628234863, 0.986907362938, 0.389649957418, 0.403275549412, 0.446011483669, 0.745974183083, 0, 0, 0, 0
1, 0.969599753618, -2.28299856186, -0.816073358059, -1.34828197956, 0.00971125531942, 0, 0, 0, 0
1, 0.316095799208, -0.507665514946, 1.47880089283, 1.44280791283, -0.0663606226444, 0, 0, 0, 0
1, 0.0764653980732, -0.620490133762, 0.408622890711, 0.767060279846, -0.0168867874891, 0, 0, 0, 0
1, 0.999807149172, -2.08145904541, -0.762645065784, -0.997903585434, -0.397399008274, 0, 0, 0, 0
1, 0.444002076983, 1.3870626688, -0.515744328499, 0.214937016368, 0.864249587059, 0, 0, 0, 0
0.035122833252, 0.99994134903, -2.37097907066, -0.0113697061315, -5.46837186813, 0.0575600042939, 0, 0, 0, 0
0.664816665649, 0.999988287687, -0.645645678043, -0.136251270771, -1.97561907768, -0.431051522493, 0, 0, 0, 0
0.449081726074, 0.954320728779, 1.175750494, 0.125962764025, 3.0932366848, -1.03898942471, 0, 0, 0, 0
1, 0.995355427265, 2.45280313492, 0.118807479739, 2.35885858536, 0.440967470407, 0, 0, 0, 0
0.976278762817, 0.998541623354, 0.210138306022, 0.0319598987699, 0.365617126226, 0.0845769941807, 0, 0, 0, 0
1, 0.999848306179, -3.38804602623, 0.607570588589, -2.07472085953, 0.319524407387, 0, 0, 0, 0
0.827745761871, 0.989730030298, -0.97303301096, -0.00828568637371, -1.53495085239, -0.329643517733, 0, 0, 0, 0
0.882923374176, 0.999591618776, 0.480363696814, -0.149392262101, 0.826924324036, -0.294317662716, 0, 0, 0, 0
1, 0.7368427068, 0.367332518101, -0.456142038107, 0.525856673717, 0.098134085536, 0, 0, 0, 0
0.958656387329, 0.00562608242035, 0.917400479317, -1.89500629902, -0.441277682781, 1.4229849577, 0, 0, 0, 0
0.951503143311, 0.999811798334, 0.994501054287, -2.57030749321, 1.06699478626, -2.99973082542, 0, 0, 0, 0
1, 0.952970564365, -0.0765026733279, 0.652326881886, -0.235793814063, 0.381208717823, 0, 0, 0, 0
1, 0.171649068594, -0.140503361821, 0.975339174271, 0.456479251385, -0.294761002064, 0, 0, 0, 0
0.872758140564, 0.996838748455, -0.260001331568, 0.966411888599, -0.467888951302, 1.18753099442, 0, 0, 0, 0
0.92381280899, 0.991652667522, -0.845245957375, -0.224242672324, -0.93252068758, -0.441644698381, 0, 0, 0, 0
0.341474914551, 0.99997895956, -1.44263076782, 0.590735375881, -2.38450336456, 0.950982511044, 0, 0, 0, 0
0.854024744034, 0.944609224796, -0.36513248086, -0.0216215308756, -0.720991551876, -0.426625132561, 0, 0, 0, 0
0.195989685059, 0.986056685448, 1.05104720592, -0.129277065396, 4.68533992767, -1.75875926018, 0, 0, 0, 0
0.19122253418, 0.998771011829, 2.20841693878, 0.0295998807997, 6.11097860336, -0.347020685673, 0, 0, 0, 0
0.830166912079, 0.998241215944, 0.869410336018, 0.07873031497, 1.46369147301, 0.257599234581, 0, 0, 0, 0
0.960923490524, 0.934840112925, 0.272324413061, -0.0132474638522, 0.269195348024, 0.13594199717, 0, 0, 0, 0
0.751703948975, 0.998158127069, 0.59797000885, -0.89019960165, 0.880764067173, -1.59084999561, 0, 0, 0, 0
0.923357844353, 0.99708995223, 0.138065412641, 0.14424353838, 0.352243840694, 0.296292304993, 0, 0, 0, 0
0.934242515564, 0.987019062042, 0.369644284248, -1.27372467518, 0.69827568531, -1.24597382545, 0, 0, 0, 0
0.933586921692, 0.94266179204, 0.963642179966, -0.921476960182, 1.61533284187, -0.463495254517, 0, 0, 0, 0
0.881909446716, 0.999101549387, -0.519870519638, -0.466781437397, -0.729253232479, -0.738351464272, 0, 0, 0, 0
0.950464906693, 0.820122629404, -0.11198348552, -0.088974609971, -0.00436729053035, -0.186452060938, 0, 0, 0, 0
1, 0.999307692051, 0.797067582607, -0.221717268229, 0.737972915173, -0.164002165198, 0, 0, 0, 0
0.889531707764, 0.997440129519, 2.32440638542, 0.580475866795, 2.38241100311, 0.858754694462, 0, 0, 0, 0
0.933078308105, 0.998269945383, 0.205973878503, -2.03975939751, 0.370203703642, -1.99086618423, 0, 0, 0, 0
0.967026138306, 0.994330883026, 0.240010261536, -0.284431427717, 0.24583299458, -0.400812089443, 0, 0, 0, 0
1, 0.999999403954, -3.68971586227, 0.917171061039, -2.87605547905, 0.719587683678, 0, 0, 0, 0
0.887853164673, 0.999147713184, -3.33120274544, 0.30719769001, -4.05611848831, 0.136175870895, 0, 0, 0, 0
0.943035087585, 0.99890217185, -0.014408105053, -0.326185166836, -0.0638334900141, -0.575737535954, 0, 0, 0, 0
0.892509765625, 0.996869981289, -0.226325556636, -0.307634860277, -0.354279786348, -0.61542981863, 0, 0, 0, 0
0.948184986115, 0.996517777443, 0.0724644437432, -0.0715659111738, 0.140116140246, -0.175574347377, 0, 0, 0, 0
0.975321474075, 0.945214778185, -0.0182544831187, 0.118650875986, 0.0751137509942, 0.226773440838, 0, 0, 0, 0
0.906472969055, 0.995980679989, 0.389664381742, -0.436735779047, 0.637687385082, -0.554143548012, 0, 0, 0, 0
0.886242923737, 0.969864010811, 0.644685924053, -0.360876977444, 1.23290514946, -0.200676485896, 0, 0, 0, 0
0.667379570007, 0.996934086084, -0.0340660326183, 1.57731163502, -0.390964329243, 2.93578100204, 0, 0, 0, 0
0.729219055176, 0.975568622351, -0.139972656965, 1.60388970375, -1.001999259, 2.36369967461, 0, 0, 0, 0
0.746873168945, 0.999982059002, -0.143936723471, 1.13532698154, -0.271679788828, 2.00647616386, 0, 0, 0, 0
0.966156663895, 0.39799361676, 0.00173787446693, -0.0645091161132, -0.0114516196772, 0.00206636078656, 0, 0, 0, 0
0.930469303131, 0.929153680801, 0.37111094594, 0.395079046488, 0.187639057636, 0.858049273491, 0, 0, 0, 0
0.934097576141, 0.999972492456, 0.162242442369, 0.384799093008, 0.252167463303, 0.616032540798, 0, 0, 0, 0
0.903832798004, 0.897205084562, -0.0753764659166, 0.378106594086, -0.468789845705, 0.412209302187, 0, 0, 0, 0
0.91335975647, 0.917147785425, 0.384534746408, 0.636966884136, -0.0525409840047, 1.28676116467, 0, 0, 0, 0
0.675766220093, 0.983596026897, 0.299739688635, 1.33895230293, -0.108116462827, 2.9501926899, 0, 0, 0, 0
0.481864089966, 0.991008758545, -0.00330985244364, 1.52764284611, -0.695049703121, 3.5736181736, 0, 0, 0, 0
0.774812316895, 0.96271109581, -0.352468788624, -1.22752845287, 0.273821085691, -2.5013756752, 0, 0, 0, 0
0.939541864395, 0.859099984169, -0.0193533506244, -0.251165568829, 0.28668320179, -0.345461696386, 0, 0, 0, 0
0.836573982239, 0.942299306393, -0.283276975155, -0.813710033894, 0.241111382842, -1.59365916252, 0, 0, 0, 0
0.746353855133, 0.967833727598, 0.0815924108028, -0.807468652725, 0.713835120201, -1.43588745594, 0, 0, 0, 0
0.782425270081, 0.981123149395, -0.217488661408, -0.987388074398, 0.113912478089, -1.93330252171, 0, 0, 0, 0
0.956130342484, 0.999282538891, -0.21254196763, -0.00702567584813, -0.306017518044, 0.00628407020122, 0, 0, 0, 0
0.693425140381, 0.975552380085, 0.0275029949844, -0.953643798828, 0.638027489185, -1.7875443697, 0, 0, 0, 0
0.856236152649, 0.922932267189, -0.50244987011, 0.734632790089, -0.0435728430748, 1.1689375639, 0, 0, 0, 0
0.903373336792, 0.998929351568, 0.0497187487781, 0.506403326988, 0.146540775895, 0.889274358749, 0, 0, 0, 0
0.77597858429, 0.995635211468, 0.161761745811, 0.885876893997, 0.0907313749194, 1.87387764454, 0, 0, 0, 0
0.846848831177, 0.996274471283, 0.219191893935, 0.578507304192, 0.252032279968, 1.0297627449, 0, 0, 0, 0
0.918138713837, 0.999426931143, 0.00878079421818, 0.301368027925, -0.0110368486494, 0.588433265686, 0, 0, 0, 0
0.821044960022, 0.686649173498, -0.0643309056759, -0.387116611004, -1.06111931801, -0.234933793545, 0, 0, 0, 0
0.76525806427, 0.550418116152, -0.407348543406, 0.191488921642, 0.316090881824, 0.898076891899, 0, 0, 0, 0
0.824754562378, 0.999846756458, -0.170991674066, 0.0193084236234, -0.820550739765, 0.113293170929, 0, 0, 0, 0
0.884289751053, 0.978256106377, 0.278494566679, -0.347683429718, 0.639451563358, -0.436956346035, 0, 0, 0, 0
0.735373687744, 0.999775320292, 2.06107449532, -2.60504007339, 2.30037689209, -3.0937628746, 0, 0, 0, 0
1, 0.999999344349, 2.97995734215, 4.90600395203, 0.801834285259, 1.32489991188, 0, 0, 0, 0
1, 0.997129887342, 2.46240091324, 2.2054400444, 0.986847877502, 0.709308624268, 0, 0, 0, 0
1, 0.926145553589, -1.13918602467, -3.65137910843, 0.431302011013, -1.70311653614, 0, 0, 0, 0
1, 0.965646803379, -1.20980489254, -4.48022937775, 0.202928870916, -1.85252547264, 0, 0, 0, 0
1, 0.946442574263, -0.511571109295, -3.47571992874, 0.400481194258, -1.20466148853, 0, 0, 0, 0
1, 0.999045491219, -1.7033302784, -1.98862993717, -0.580347180367, -0.598408937454, 0, 0, 0, 0
1, 0.998832315207, -1.06817352772, 2.79449605942, -0.670782744884, 2.19370484352, 0, 0, 0, 0
1, 0.998291701078, -5.35535240173, 0.410283923149, -2.75566959381, -0.017151594162, 0, 0, 0, 0
1, 0.580268144608, -0.0988952070475, 0.0711777359247, 0.0621097944677, 0.124542325735, 0, 0, 0, 0
1, 0.446893371642, 0.0211185421795, -0.0180440079421, 0.0655502378941, 0.0956834852695, 0, 0, 0, 0
1, 0.998976558447, -5.26809549332, 0.385071128607, -4.22445392609, 0.582220137119, 0, 0, 0, 0
0.997249240875, 0.999621301889, 0.525346457958, 0.558564305305, 0.583596944809, 0.574006915092, 0, 0, 0, 0
1, 0.453913010657, 0.122464857996, -0.351559847593, 1.67765128613, 0.76434892416, 0, 0, 0, 0
1, 0.999839454889, -2.57321500778, -2.65248417854, -0.748803317547, -0.812071919441, 0, 0, 0, 0
1, 0.992361038923, -1.19205403328, 2.24247431755, -0.334343522787, 1.0310870409, 0, 0, 0, 0
1, 0.922584056854, -0.751125574112, 3.58273100853, 0.205021724105, 0.54925018549, 0, 0, 0, 0
0.840061798096, 0.707917064428, -0.719989180565, 1.40546143055, -3.21261048317, -0.143258884549, 0, 0, 0, 0
0.648213806152, 0.844373077154, -0.077512063086, -0.15649946034, -5.63743782043, -1.7431756258, 0, 0, 0, 0
0.381472320557, 0.998605310917, 1.3699529171, -0.00581349339336, 6.14505624771, -0.486177295446, 0, 0, 0, 0
0.549360351562, 0.995784789324, 1.00420403481, -0.0457335822284, 2.88417100906, 0.244093716145, 0, 0, 0, 0
0.756562709808, 0.822734385729, -0.0294860117137, -0.328335762024, -0.582006752491, -0.40857359767, 0, 0, 0, 0
0.610309181213, 0.964525222778, -0.501224279404, 0.442726492882, -0.71727848053, 1.41791331768, 0, 0, 0, 0
0.749543228149, 0.999928802252, -0.876511573792, 0.100159063935, -1.99254572392, 0.261842280626, 0, 0, 0, 0
1, 0.763000130653, -0.462764829397, -0.0176928024739, -2.06713986397, 3.07331776619, 0, 0, 0, 0
0.245488739014, 0.999969154596, 0.8851146698, -0.131952777505, 5.77348852158, -0.795156657696, 0, 0, 0, 0
0.496311531067, 0.999423652887, 0.623798787594, 0.0778813734651, 2.61004638672, 0.454021632671, 0, 0, 0, 0
0.66510925293, 0.930027514696, 0.361400306225, 0.220019444823, 5.31329298019, 0.060807634145, 0, 0, 0, 0
0.973043823242, 0.992655396461, 1.80368697643, 0.324127048254, 1.47408652306, 0.537109076977, 0, 0, 0, 0
1, 0.87081989646, -1.68870902061, 0.968353033066, -2.33810782433, -0.509684801102, 0, 0, 0, 0
0.932414779663, 0.999679714441, -0.108826436102, 0.234104961157, -0.102948352695, 0.243938446045, 0, 0, 0, 0
0.801091747284, 0.999121963978, 0.368620097637, -0.379527151585, 0.636693894863, -0.738427877426, 0, 0, 0, 0
0.924139080048, 0.991177052259, -0.266827642918, 0.0929249823093, -0.502116918564, 0.0743389874697, 0, 0, 0, 0
0.932030568123, 0.318623587489, 0.0295119397342, -0.00375037267804, -0.0970903858542, -0.178731396794, 0, 0, 0, 0
0.743272323608, 0.967350691557, 0.652225673199, -0.597946286201, 1.71120512486, -0.680759429932, 0, 0, 0, 0
0.771326580048, 0.931852519512, 0.187417328358, -0.609653890133, 0.912027657032, -0.840031385422, 0, 0, 0, 0
0.643450317383, 0.988918840885, -0.512133300304, 0.718453407288, -1.47780263424, 1.35095977783, 0, 0, 0, 0
0.587191123962, 0.982010483742, -0.505992591381, 0.744110047817, -1.65255665779, 1.40486359596, 0, 0, 0, 0
0.88535074234, 0.967607468367, 0.0631903037429, 0.316621154547, 0.345712006092, 0.552745699883, 0, 0, 0, 0
0.819428787231, 0.973756194115, -0.0588190741837, 0.502421319485, -0.445201069117, 0.940842688084, 0, 0, 0, 0
0.12311126709, 0.822567760944, 0.168748289347, 0.799456715584, 1.34845936298, 0.724761903286, 0, 0, 0, 0
0.935401153564, 0.999705940485, 0.0440039224923, 0.179471954703, 0.060483571142, 0.214581206441, 0, 0, 0, 0
0.777817249298, 0.420774027705, -0.179388329387, 0.182352781296, -0.257276386023, -0.349567890167, 0, 0, 0, 0
0.419028053284, 0.988939076662, 0.0530305542052, -1.12000381947, -0.51806384325, -3.14189767838, 0, 0, 0, 0
0.664729995728, 0.989945620298, 0.318110048771, 0.225014075637, 0.889375329018, 0.946530342102, 0, 0, 0, 0
0.839592914581, 0.988901257515, 0.391445279121, 0.268934130669, 0.679078876972, 0.717726886272, 0, 0, 0, 0
0.96106306076, 0.983361274004, 0.137393891811, -0.120098985732, 0.428523957729, -0.212113723159, 0, 0, 0, 0
0.882618894577, 0.982768803835, -0.208646431565, -0.108715042472, -0.577952206135, -0.127451971173, 0, 0, 0, 0
0.973626117706, 0.982981234789, 0.301953524351, -0.312278062105, 0.165291965008, -0.297641336918, 0, 0, 0, 0
0.974054431915, 0.999680966139, -0.234565198421, 0.100072011352, -0.234499663115, 0.110103532672, 0, 0, 0, 0
0.961773395538, 0.996999680996, 0.235740944743, 0.0164843369275, 0.363035947084, 0.065843001008, 0, 0, 0, 0
0.949756069183, 0.559467315674, -0.547805666924, 0.259311079979, -0.367042601109, -0.583716988564, 0, 0, 0, 0
0.588500747681, 0.779619693756, -1.39587104321, 1.41660821438, -3.73702836037, -0.697633504868, 0, 0, 0, 0
0.946899967194, 0.153200387955, 0.0285674259067, 0.106608621776, -0.253228455782, -0.139875143766, 0, 0, 0, 0
0.762924461365, 0.868665933609, 0.493064105511, -0.226758271456, 1.02382838726, 0.328673154116, 0, 0, 0, 0
0.161541824341, 0.997529536486, 2.0938873291, 0.469181209803, 4.39910268784, 0.534824252129, 0, 0, 0, 0
1, 0.82270771265, 0.990489125252, 0.924800992012, 0.853294432163, -0.101257674396, 0, 0, 0, 0
0.982646036148, 0.16135507822, -0.0104619814083, -0.232143327594, -0.0747195482254, 0.0752761811018, 0, 0, 0, 0
1, 0.984634399414, -0.882937669754, -0.868521511555, -0.927678227425, -0.541814386845, 0, 0, 0, 0
0.870381088257, 0.954833030701, -0.669550061226, -0.0822431594133, -0.983519554138, 0.310819625854, 0, 0, 0, 0
0.980359880924, 0.00502827763557, 0.0130525976419, -0.0779717713594, -0.00302615622059, 0.126467913389, 0, 0, 0, 0
0.805574150085, 0.853333353996, -0.623695552349, -0.12161180377, -0.608066499233, -0.903844416142, 0, 0, 0, 0
0.995047364235, 0.99344804883, 0.0358377732337, 0.0191798117012, 0.0309908203781, 0.0237291324884, 0, 0, 0, 0
0.995598297119, 0.998710602522, 0.240861222148, -0.2284796983, 0.166319742799, -0.182172119617, 0, 0, 0, 0
0.955091466904, 0.9742154181, -0.270838469267, -0.0310359299183, -0.353041023016, -0.164759024978, 0, 0, 0, 0
0.984509277344, 0.993232667446, 0.191826671362, -0.0715452134609, 0.244544118643, -0.0476076751947, 0, 0, 0, 0
0.966621608734, 0.985226482153, -0.176495224237, 0.0156816784292, -0.244963750243, -0.0382959023118, 0, 0, 0, 0
0.831079788208, 0.915857255459, 0.138163462281, 0.0546127595007, 0.232158645988, 0.335185348988, 0, 0, 0, 0
0.840772514343, 0.932669430971, -0.353201955557, 0.93157273531, 0.224607482553, 1.36941313744, 0, 0, 0, 0
0.756175994873, 0.991827279329, 0.441865473986, 1.50065839291, 0.279037088156, 2.64008712769, 0, 0, 0, 0
0.791741828918, 0.97486308217, -0.063255853951, -0.173033982515, -0.0236179940403, -0.736880123615, 0, 0, 0, 0
0.89794336319, 0.992775142193, -0.0136588672176, -0.0851528570056, -0.122366391122, -0.358121693134, 0, 0, 0, 0
0.670324287415, 0.994056910276, -0.225309893489, -0.027730230242, -1.01614451408, -0.288674920797, 0, 0, 0, 0
0.831460800171, 0.928720861673, -0.0827039778233, -0.0732961446047, -0.169323056936, -0.537623405457, 0, 0, 0, 0
0.849929428101, 0.99771258235, 0.152905002236, -1.11760675907, 0.0545145757496, -1.35265421867, 0, 0, 0, 0
0.885397491455, 0.986683130264, 0.114370591938, -0.257014453411, 0.294957846403, -0.388000071049, 0, 0, 0, 0
0.964316663742, 0.982239931822, -0.184857308865, -0.163880139589, -0.308584868908, -0.152116194367, 0, 0, 0, 0
0.970295810699, 0.976243287325, 0.171696707606, -0.0790831372142, 0.266406834126, -0.0326999612153, 0, 0, 0, 0
0.895847702026, 0.993031561375, -0.28595495224, 0.364577919245, -0.618633508682, 0.563197433949, 0, 0, 0, 0
0.935631561279, 0.986233949661, -0.951494455338, 0.999235391617, -0.524991452694, 0.904852211475, 0, 0, 0, 0
0.768886642456, 0.0201428234577, -1.02126526833, 0.104324005544, 1.38886940479, 0.257058680058, 0, 0, 0, 0
1, 0.943234443665, -0.909887552261, 0.825355231762, -0.244470834732, 0.663673758507, 0, 0, 0, 0
0.922987823486, 0.725465267897, -0.560436189175, 0.0380449444056, -0.284649431705, -0.479653269053, 0, 0, 0, 0
0.958131256104, 0.0242680609226, -0.865450680256, 0.246614634991, 0.934953629971, 0.0329618640244, 0, 0, 0, 0
1, 0.0572802722454, 1.32013332844, -0.202141359448, -1.02009272575, -0.351021498442, 0, 0, 0, 0
1, 0.999072134495, 1.60727834702, -0.974413096905, 1.20487535, -0.63352137804, 0, 0, 0, 0
0.977315254211, 0.990861147642, 0.1592002213, -1.68385350704, 0.376838982105, -1.28267085552, 0, 0, 0, 0
0.956296596527, 0.985519140959, -0.222847700119, -0.15432728827, -0.441122829914, -0.168276369572, 0, 0, 0, 0
0.967736020088, 0.966016292572, 0.00357893202454, -0.115001827478, -0.0591349862516, -0.167329922318, 0, 0, 0, 0
0.993185806274, 0.999779939651, 0.11063631624, -0.139901340008, 0.0997925177217, -0.118770249188, 0, 0, 0, 0
0.993647992611, 0.910898208618, 0.000230225050473, 0.0113606946543, -0.0111318863928, 0.0167713258415, 0, 0, 0, 0
0.951510667801, 0.915616989136, -0.0348703339696, -0.1190514341, -0.151031807065, -0.126283660531, 0, 0, 0, 0
0.989414629936, 0.984670817852, -0.0223388187587, -0.0302897207439, -0.0263869632035, -0.0647085607052, 0, 0, 0, 0
0.978733305931, 0.823416650295, 0.028744360432, 0.0259395260364, -0.00215077353641, 0.0699750706553, 0, 0, 0, 0
0.987646453381, 0.996900647879, 0.0041767549701, 0.0354098901153, 0.000478818517877, 0.0796624496579, 0, 0, 0, 0
0.985847563744, 0.925851553679, -0.12147577107, -0.0136835100129, -0.0845237150788, -0.0661073699594, 0, 0, 0, 0
0.911047525406, 0.594889812171, 0.0915155112743, -0.0383155494928, -0.0347154997289, -0.166491985321, 0, 0, 0, 0
0.968619623184, 0.982914954424, -0.00176163797732, 0.0563792996109, -0.0378372184932, 0.125236645341, 0, 0, 0, 0
0.98993534565, 0.711385756731, 0.0236250404269, -0.00977519806474, 0.00139048928395, -0.0314485840499, 0, 0, 0, 0
0.835149688721, 0.956763654947, -0.0575362406671, 0.274048179388, 0.148185044527, 0.688549458981, 0, 0, 0, 0
0.905147438049, 0.972862273455, 0.31991019845, -0.184853255749, 0.362245351076, -0.416484683752, 0, 0, 0, 0
1, 0.99950492382, 0.210711628199, -0.108092263341, 0.308644503355, -0.141356512904, 0, 0, 0, 0
0.973911085129, 0.997560113668, -0.0566217340529, -0.162090703845, -0.0929362848401, -0.200049772859, 0, 0, 0, 0
0.973032989502, 0.893913030624, 0.335251539946, -0.324620455503, 0.3868919909, -0.0410724170506, 0, 0, 0, 0
0.972658088207, 0.703268006444, 0.00321994721889, -0.0514528118074, -0.114527247846, -0.0597928650677, 0, 0, 0, 0
0.992011919022, 0.724308937788, 0.0150288697332, -0.0383282490075, -0.0409138798714, -0.0455443263054, 0, 0, 0, 0
0.997025356293, 0.996101677418, -0.0959208682179, 0.0533258877695, -0.105085760355, 0.042269513011, 0, 0, 0, 0
0.999869642258, 0.998402178288, -0.218955203891, 0.238456383348, -0.178508415818, 0.165645167232, 0, 0, 0, 0
1, 0.0135417580605, 0.0316459275782, -0.0881777703762, -0.0213807150722, 0.0327884070575, 0, 0, 0, 0
0.992708771229, 0.927349299192, -0.0973229631782, -0.00119475612883, -0.087745025754, -0.0547799840569, 0, 0, 0, 0
0.996778527498, 0.96544983983, -0.0341755375266, 0.00719850556925, -0.0148824546486, -0.0024984725751, 0, 0, 0, 0
0.979287061691, 0.998290657997, -0.228546142578, 0.151940509677, -0.212814942002, 0.168406099081, 0, 0, 0, 0
0.989270067215, 0.999619692564, -0.0451759248972, 0.00305969803594, -0.0801017358899, 0.00857373233885, 0, 0, 0, 0
0.958629808426, 0.983221799135, -0.0840762034059, -0.121912173927, -0.21549603343, -0.184201568365, 0, 0, 0, 0
0.992768874168, 0.935926675797, -0.00843086373061, -0.0910022556782, 0.0487251542509, -0.109273001552, 0, 0, 0, 0
0.990391867161, 0.019695609808, 0.037136439234, 0.00354713061824, -0.0223462861031, -0.00884358584881, 0, 0, 0, 0
0.991081392765, 0.984679311514, -0.00298243039288, 0.0455280356109, 0.0129275564104, 0.0699396282434, 0, 0, 0, 0
1, 0.858293175697, 0.253170639277, -0.0468430295587, 0.101823672652, 0.0680210068822, 0, 0, 0, 0
0.953366703987, 0.205862730742, -0.0299010593444, 0.0423137880862, 0.175793588161, -0.00241696112789, 0, 0, 0, 0
1, 0.988516002893, -0.251792132854, 0.0526603497565, -0.0919822379947, 0.0411771535873, 0, 0, 0, 0
0.965056438446, 0.976427793503, 0.50621765852, -0.282682865858, 0.183157190681, -0.195338383317, 0, 0, 0, 0
0.927151832581, 0.987125784159, -0.408587902784, 0.116363890469, -0.560691952705, 0.028075568378, 0, 0, 0, 0
1, 0.995559751987, -0.439017683268, 0.587224900723, -0.265886008739, 0.47690346837, 0, 0, 0, 0
